{
    "accuracy": 0.9985,
    "precision": 0.9850746268656716,
    "recall": 0.9705882352941176,
    "f1_score": 0.9777777777777777,
    "roc_auc": 0.9820743514797223,
    "confusion_matrix": [
        [
            1931,
            1
        ],
        [
            2,
            66
        ]
    ],
    "fpr": [
        0.0,
        0.0,
        0.0,
        0.0,
        0.0,
        0.0,
        0.0,
        0.0,
        0.0,
        0.0,
        0.2577639751552795,
        0.2577639751552795,
        0.9611801242236024,
        0.9611801242236024,
        1.0
    ],
    "tpr": [
        0.0,
        0.14705882352941177,
        0.22058823529411764,
        0.2647058823529412,
        0.3382352941176471,
        0.4264705882352941,
        0.45588235294117646,
        0.5735294117647058,
        0.6029411764705882,
        0.9705882352941176,
        0.9705882352941176,
        0.9852941176470589,
        0.9852941176470589,
        1.0,
        1.0
    ]
}