{
    "accuracy": 0.999,
    "precision": 1.0,
    "recall": 0.9705882352941176,
    "f1_score": 0.9850746268656716,
    "roc_auc": 0.9852332237242722,
    "confusion_matrix": [
        [
            1932,
            0
        ],
        [
            2,
            66
        ]
    ],
    "fpr": [
        0.0,
        0.0,
        0.0,
        0.11490683229813664,
        0.11490683229813664,
        0.8892339544513458,
        0.8892339544513458,
        1.0
    ],
    "tpr": [
        0.0,
        0.014705882352941176,
        0.9705882352941176,
        0.9705882352941176,
        0.9852941176470589,
        0.9852941176470589,
        1.0,
        1.0
    ]
}